-- phpMyAdmin SQL Dump
-- version 5.0.4
-- https://www.phpmyadmin.net/
--
-- Host: 127.0.0.1
-- Waktu pembuatan: 24 Jul 2021 pada 12.53
-- Versi server: 5.7.21-log
-- Versi PHP: 8.0.0

SET SQL_MODE = "NO_AUTO_VALUE_ON_ZERO";
START TRANSACTION;
SET time_zone = "+00:00";


/*!40101 SET @OLD_CHARACTER_SET_CLIENT=@@CHARACTER_SET_CLIENT */;
/*!40101 SET @OLD_CHARACTER_SET_RESULTS=@@CHARACTER_SET_RESULTS */;
/*!40101 SET @OLD_COLLATION_CONNECTION=@@COLLATION_CONNECTION */;
/*!40101 SET NAMES utf8mb4 */;

--
-- Database: `newdb_csiproduk`
--

-- --------------------------------------------------------

--
-- Struktur dari tabel `groups`
--

CREATE TABLE `groups` (
  `id` mediumint(8) UNSIGNED NOT NULL,
  `name` varchar(20) NOT NULL,
  `description` varchar(100) NOT NULL
) ENGINE=InnoDB DEFAULT CHARSET=utf8;

--
-- Dumping data untuk tabel `groups`
--

INSERT INTO `groups` (`id`, `name`, `description`) VALUES
(1, 'admin', 'Administrator'),
(2, 'manajemen', 'Manajemen');

-- --------------------------------------------------------

--
-- Struktur dari tabel `login_attempts`
--

CREATE TABLE `login_attempts` (
  `id` int(11) UNSIGNED NOT NULL,
  `ip_address` varchar(45) NOT NULL,
  `login` varchar(100) NOT NULL,
  `time` int(11) UNSIGNED DEFAULT NULL
) ENGINE=InnoDB DEFAULT CHARSET=utf8;

-- --------------------------------------------------------

--
-- Struktur dari tabel `tbl_customers`
--

CREATE TABLE `tbl_customers` (
  `customer_id` int(11) NOT NULL,
  `customer_token` varchar(100) NOT NULL,
  `customer_name` varchar(100) NOT NULL,
  `customer_profession` varchar(50) NOT NULL,
  `customer_hp` varchar(15) NOT NULL,
  `customer_gender` enum('L','P') NOT NULL,
  `customer_ip` varchar(15) NOT NULL,
  `created_at` timestamp NOT NULL DEFAULT CURRENT_TIMESTAMP
) ENGINE=InnoDB DEFAULT CHARSET=latin1;

--
-- Dumping data untuk tabel `tbl_customers`
--

INSERT INTO `tbl_customers` (`customer_id`, `customer_token`, `customer_name`, `customer_profession`, `customer_hp`, `customer_gender`, `customer_ip`, `created_at`) VALUES
(8, '99338889533063168', 'Enok', 'PNS', '08634873xxxx', 'P', '::1', '2021-07-12 12:31:34'),
(9, '99338889533063169', 'Suminah', 'IRT', '0864524xxxx', 'P', '::1', '2021-07-12 12:34:57'),
(10, '99338889533063170', 'Jubaedah', 'IRT', '08754xxxxxx', 'P', '::1', '2021-07-12 12:38:37'),
(11, '99338889533063171', 'Suwito', 'PNS', '0858224xxxx', 'L', '::1', '2021-07-12 12:42:56'),
(12, '99338889533063172', 'Suci', 'Mahasiswa', '086353xxxx', 'P', '::1', '2021-07-12 12:46:08'),
(13, '99338889533063173', 'Novia', 'Mahasiswa', '082613xxxxxx', 'P', '::1', '2021-07-12 12:48:58'),
(14, '99338889533063174', 'Titin', 'IRT', '085632xxxxxx', 'P', '::1', '2021-07-12 12:53:24'),
(15, '99338889533063175', 'Lina', 'IRT', '08544xxxxx', 'P', '::1', '2021-07-12 12:55:07'),
(16, '99338889533063176', 'Arya', 'Buruh', '085341xxxxx', 'L', '::1', '2021-07-12 12:57:18'),
(17, '99338889533063177', 'Mise', 'Mahasiswa', '085332xxxxx', 'P', '::1', '2021-07-12 13:00:53'),
(18, '99338889533063178', 'Eli', 'Swasta', '085344xxxx', 'P', '::1', '2021-07-12 13:03:05'),
(19, '99338889533063179', 'Marni', 'IRT', '085434xxxx', 'P', '::1', '2021-07-12 13:05:06'),
(20, '99338889533063180', 'Putri', 'Mahasiswa', '08553xxxxx', 'P', '::1', '2021-07-12 13:07:30'),
(21, '99338889533063181', 'Sani', 'Swasta', '082477xxxxx', 'L', '::1', '2021-07-12 13:09:34'),
(22, '99338889533063182', 'Mirah', 'IRT', '08532xxxx', 'P', '::1', '2021-07-12 13:11:40'),
(23, '99338889533063183', 'Nining', 'IRT', '08152xxxxx', 'P', '::1', '2021-07-12 13:13:30'),
(24, '99338889533063184', 'Mulyana', 'PNS', '085329xxxx', 'L', '::1', '2021-07-12 13:15:29'),
(25, '99338889533063185', 'Gofar', 'Buruh', '085246xxxx', 'L', '::1', '2021-07-12 13:17:31'),
(26, '99338889533063186', 'Maslah', 'IRT', '08654xxxx', 'P', '::1', '2021-07-12 13:19:30'),
(27, '99338889533063187', 'Rangga Maulana', 'PNS', '085938xxxxx', 'L', '::1', '2021-07-12 13:21:22'),
(28, '99338889533063188', 'Mimin', 'IRT', '08156xxxxxx', 'P', '::1', '2021-07-12 15:13:31'),
(29, '99346079694192640', 'AGung', 'wkwk', '089908846', 'L', '::1', '2021-07-21 08:19:36'),
(30, '99346079694192641', 'wkkw', 'wkwk', '09', 'L', '::1', '2021-07-24 07:35:16'),
(31, '99346079694192642', 'ganteng', 'programmer', '089999', 'L', '::1', '2021-07-24 08:49:45');

-- --------------------------------------------------------

--
-- Struktur dari tabel `tbl_indikator_penilaian`
--

CREATE TABLE `tbl_indikator_penilaian` (
  `id_indikator` int(11) NOT NULL,
  `indikator_name` text NOT NULL,
  `indicator_type` varchar(55) NOT NULL
) ENGINE=InnoDB DEFAULT CHARSET=latin1;

--
-- Dumping data untuk tabel `tbl_indikator_penilaian`
--

INSERT INTO `tbl_indikator_penilaian` (`id_indikator`, `indikator_name`, `indicator_type`) VALUES
(3, 'Tangibles (Bukti fisik)', 'layanan'),
(4, 'Reliability (Keandalan)', 'layanan'),
(5, 'Responsiveness (Daya Tanggap)', 'layanan'),
(6, 'Assurance (Jaminan)', 'layanan'),
(7, 'Empaty(Empati)', 'layanan'),
(8, 'Performance', 'produk'),
(9, 'Features', 'produk'),
(10, 'Reliability', 'produk'),
(11, 'Conformance to specification', 'produk'),
(12, 'Durability', 'produk'),
(13, 'Serviceability', 'produk'),
(14, 'Aesthetica', 'produk'),
(15, 'Perceveid quality', 'produk');

-- --------------------------------------------------------

--
-- Struktur dari tabel `tbl_indikator_pertanyaan`
--

CREATE TABLE `tbl_indikator_pertanyaan` (
  `id_pertanyaan` int(11) NOT NULL,
  `id_indikator` int(11) NOT NULL,
  `pertanyaan` text NOT NULL,
  `created_at` timestamp NOT NULL DEFAULT CURRENT_TIMESTAMP,
  `updated_at` timestamp NOT NULL DEFAULT CURRENT_TIMESTAMP
) ENGINE=InnoDB DEFAULT CHARSET=latin1;

--
-- Dumping data untuk tabel `tbl_indikator_pertanyaan`
--

INSERT INTO `tbl_indikator_pertanyaan` (`id_pertanyaan`, `id_indikator`, `pertanyaan`, `created_at`, `updated_at`) VALUES
(3, 3, 'Kemampuan pelayan dalam melanyani anda misalnya(pada saat membeli produk)', '2021-07-12 12:22:27', '2021-07-12 12:22:27'),
(4, 3, 'Kerapian dan kebersihan fasilitas cukup terjaga (tersedia tempat sampah, dan tempat cuci tangan)', '2021-07-12 12:23:23', '2021-07-12 12:23:23'),
(5, 3, 'Penampilan petugas yang selalu tampil dalam keadaan rapi bersih dan sopan', '2021-07-12 12:23:35', '2021-07-12 12:23:35'),
(6, 4, 'Kebersihan tempat ', '2021-07-12 12:23:50', '2021-07-12 12:23:50'),
(7, 4, 'Kesiapan pelayan dalam melayani', '2021-07-12 12:24:04', '2021-07-12 12:24:04'),
(8, 5, 'Kecepatan/ketanggapan pelayan ', '2021-07-12 12:24:15', '2021-07-12 12:24:15'),
(9, 5, 'Pelayan bersedia menolong konsumen ketika mengalami kesulitan', '2021-07-12 12:24:25', '2021-07-12 12:24:25'),
(10, 5, 'Pelayan tidak menunjukan kesan sibuk dalam menyambut pelanggan', '2021-07-12 12:24:35', '2021-07-12 12:24:35'),
(11, 6, 'Pelayan selalu tersenyum saat menyapa konsumen', '2021-07-12 12:24:47', '2021-07-12 12:24:47'),
(12, 6, 'Kejujuran petugas', '2021-07-12 12:25:03', '2021-07-12 12:25:03'),
(13, 6, 'Keamanan di lokasi penjualan', '2021-07-12 12:25:13', '2021-07-12 12:25:13'),
(14, 7, 'Kepedulian pelayan terhadap masalah konsumen', '2021-07-12 12:25:23', '2021-07-12 12:25:23'),
(15, 7, 'Pelayan mengucapkan salam pembuka (selamat pagi/siang/malam bapak/ibu)pada awal pelayanan', '2021-07-12 12:25:43', '2021-07-12 12:25:43'),
(16, 8, 'Berat produk', '2021-07-12 12:25:58', '2021-07-12 12:25:58'),
(17, 8, 'Kebersihan produk', '2021-07-12 12:26:06', '2021-07-12 12:26:06'),
(18, 8, 'Kualitas produk kerupuk udang', '2021-07-12 12:26:17', '2021-07-12 12:26:17'),
(19, 8, 'Kemudahan dalam mendapatkanya', '2021-07-12 12:26:26', '2021-07-12 12:26:26'),
(20, 9, 'Jaminan sudah besertifikat halal', '2021-07-12 12:26:36', '2021-07-12 12:26:36'),
(21, 9, 'Kemasan produk baik', '2021-07-12 12:26:50', '2021-07-12 12:26:50'),
(22, 9, 'Pelabelan produk baik', '2021-07-12 12:27:00', '2021-07-12 12:27:00'),
(23, 10, 'Bahan yang digunakan terpercaya', '2021-07-12 12:27:11', '2021-07-12 12:27:11'),
(24, 11, 'Bentuk potongan produk baik', '2021-07-12 12:27:23', '2021-07-12 12:27:23'),
(25, 11, 'Perubahan warna produk', '2021-07-12 12:27:33', '2021-07-12 12:27:33'),
(26, 12, 'Daya tahan produk kuat hingga berbulan-bulan', '2021-07-12 12:27:46', '2021-07-12 12:27:46'),
(27, 13, 'Menanggapi keluhan konsumen', '2021-07-12 12:28:00', '2021-07-12 12:28:00'),
(28, 13, 'Kemudahan memperoleh produk', '2021-07-12 12:28:11', '2021-07-12 12:28:11'),
(29, 14, 'Memiliki bentuk yang beragam', '2021-07-12 12:28:29', '2021-07-12 12:28:29'),
(30, 14, 'Kemasan yang bersih dan rapih', '2021-07-12 12:28:39', '2021-07-12 12:28:39'),
(31, 15, 'Harga produk ', '2021-07-12 12:28:51', '2021-07-12 12:28:51'),
(32, 15, 'Citra perusahaan di masyarakat', '2021-07-12 12:29:02', '2021-07-12 12:29:02'),
(36, 8, 'ok', '2021-07-18 04:07:13', '2021-07-18 04:07:13');

-- --------------------------------------------------------

--
-- Struktur dari tabel `tbl_perusahaan`
--

CREATE TABLE `tbl_perusahaan` (
  `id_profile_perusahaan` int(11) NOT NULL,
  `nama_perusahaan` varchar(100) NOT NULL,
  `logo` varchar(100) NOT NULL,
  `telp` varchar(15) NOT NULL,
  `fax` varchar(15) NOT NULL,
  `email` varchar(100) NOT NULL,
  `website` varchar(100) NOT NULL,
  `alamat` text NOT NULL
) ENGINE=InnoDB DEFAULT CHARSET=latin1;

--
-- Dumping data untuk tabel `tbl_perusahaan`
--

INSERT INTO `tbl_perusahaan` (`id_profile_perusahaan`, `nama_perusahaan`, `logo`, `telp`, `fax`, `email`, `website`, `alamat`) VALUES
(1, 'Padi Kapas', '1.PNG', '081222228062', '', 'mustofik@gmail.com', 'csiproduk.com', '<p>Blok Dukuh Krupuk Kenanga, Panyindangan Wetan,</p>\r\n\r\n<p>Kec. Indramayu, Kab. Indramayu,</p>\r\n\r\n<p>Jawa Barat</p>\r\n');

-- --------------------------------------------------------

--
-- Struktur dari tabel `tbl_product`
--

CREATE TABLE `tbl_product` (
  `product_id` int(11) NOT NULL,
  `product_name` varchar(100) NOT NULL,
  `created_at` timestamp NOT NULL DEFAULT CURRENT_TIMESTAMP,
  `updated_at` timestamp NOT NULL DEFAULT '0000-00-00 00:00:00',
  `product_slug` varchar(100) NOT NULL
) ENGINE=InnoDB DEFAULT CHARSET=latin1;

-- --------------------------------------------------------

--
-- Struktur dari tabel `tbl_respon`
--

CREATE TABLE `tbl_respon` (
  `respon_id` int(11) NOT NULL,
  `customer_id` int(11) NOT NULL,
  `indicator_type` varchar(55) NOT NULL,
  `id_indikator` int(11) NOT NULL,
  `id_pertanyaan` int(11) NOT NULL,
  `respon_perception_answer` int(11) NOT NULL,
  `respon_reality_answer` int(11) NOT NULL,
  `created_at` timestamp NOT NULL DEFAULT CURRENT_TIMESTAMP
) ENGINE=InnoDB DEFAULT CHARSET=latin1;

--
-- Dumping data untuk tabel `tbl_respon`
--

INSERT INTO `tbl_respon` (`respon_id`, `customer_id`, `indicator_type`, `id_indikator`, `id_pertanyaan`, `respon_perception_answer`, `respon_reality_answer`, `created_at`) VALUES
(1, 8, 'layanan', 3, 3, 3, 4, '2021-07-12 12:34:14'),
(2, 8, 'layanan', 3, 4, 2, 4, '2021-07-12 12:34:14'),
(3, 8, 'layanan', 3, 5, 4, 4, '2021-07-12 12:34:14'),
(4, 8, 'layanan', 4, 6, 3, 3, '2021-07-12 12:34:14'),
(5, 8, 'layanan', 4, 7, 3, 4, '2021-07-12 12:34:14'),
(6, 8, 'layanan', 5, 8, 4, 4, '2021-07-12 12:34:14'),
(7, 8, 'layanan', 5, 9, 4, 4, '2021-07-12 12:34:14'),
(8, 8, 'layanan', 5, 10, 3, 4, '2021-07-12 12:34:14'),
(9, 8, 'layanan', 6, 11, 4, 4, '2021-07-12 12:34:14'),
(10, 8, 'layanan', 6, 12, 3, 4, '2021-07-12 12:34:14'),
(11, 8, 'layanan', 6, 13, 4, 4, '2021-07-12 12:34:14'),
(12, 8, 'layanan', 7, 14, 3, 4, '2021-07-12 12:34:14'),
(13, 8, 'layanan', 7, 15, 3, 4, '2021-07-12 12:34:14'),
(14, 8, 'produk', 8, 16, 4, 4, '2021-07-12 12:34:14'),
(15, 8, 'produk', 8, 17, 4, 4, '2021-07-12 12:34:14'),
(16, 8, 'produk', 8, 18, 3, 4, '2021-07-12 12:34:14'),
(17, 8, 'produk', 8, 19, 4, 4, '2021-07-12 12:34:14'),
(18, 8, 'produk', 9, 20, 4, 4, '2021-07-12 12:34:14'),
(19, 8, 'produk', 9, 21, 4, 4, '2021-07-12 12:34:14'),
(20, 8, 'produk', 9, 22, 3, 4, '2021-07-12 12:34:14'),
(21, 8, 'produk', 10, 23, 4, 4, '2021-07-12 12:34:14'),
(22, 8, 'produk', 11, 24, 4, 4, '2021-07-12 12:34:14'),
(23, 8, 'produk', 11, 25, 4, 4, '2021-07-12 12:34:14'),
(24, 8, 'produk', 12, 26, 3, 4, '2021-07-12 12:34:14'),
(25, 8, 'produk', 13, 27, 3, 3, '2021-07-12 12:34:14'),
(26, 8, 'produk', 13, 28, 3, 3, '2021-07-12 12:34:14'),
(27, 8, 'produk', 14, 29, 3, 4, '2021-07-12 12:34:14'),
(28, 8, 'produk', 14, 30, 4, 4, '2021-07-12 12:34:14'),
(29, 8, 'produk', 15, 31, 4, 4, '2021-07-12 12:34:14'),
(30, 8, 'produk', 15, 32, 3, 4, '2021-07-12 12:34:14'),
(31, 9, 'layanan', 3, 3, 4, 4, '2021-07-12 12:38:20'),
(32, 9, 'layanan', 3, 4, 3, 4, '2021-07-12 12:38:20'),
(33, 9, 'layanan', 3, 5, 4, 4, '2021-07-12 12:38:20'),
(34, 9, 'layanan', 4, 6, 4, 4, '2021-07-12 12:38:20'),
(35, 9, 'layanan', 4, 7, 3, 4, '2021-07-12 12:38:20'),
(36, 9, 'layanan', 5, 8, 3, 3, '2021-07-12 12:38:20'),
(37, 9, 'layanan', 5, 9, 3, 4, '2021-07-12 12:38:20'),
(38, 9, 'layanan', 5, 10, 4, 4, '2021-07-12 12:38:20'),
(39, 9, 'layanan', 6, 11, 3, 3, '2021-07-12 12:38:20'),
(40, 9, 'layanan', 6, 12, 4, 4, '2021-07-12 12:38:20'),
(41, 9, 'layanan', 6, 13, 4, 4, '2021-07-12 12:38:20'),
(42, 9, 'layanan', 7, 14, 3, 3, '2021-07-12 12:38:20'),
(43, 9, 'layanan', 7, 15, 4, 4, '2021-07-12 12:38:20'),
(44, 9, 'produk', 8, 16, 4, 4, '2021-07-12 12:38:20'),
(45, 9, 'produk', 8, 17, 3, 4, '2021-07-12 12:38:20'),
(46, 9, 'produk', 8, 18, 4, 4, '2021-07-12 12:38:20'),
(47, 9, 'produk', 8, 19, 3, 3, '2021-07-12 12:38:20'),
(48, 9, 'produk', 9, 20, 3, 4, '2021-07-12 12:38:20'),
(49, 9, 'produk', 9, 21, 3, 3, '2021-07-12 12:38:20'),
(50, 9, 'produk', 9, 22, 4, 4, '2021-07-12 12:38:20'),
(51, 9, 'produk', 10, 23, 4, 4, '2021-07-12 12:38:20'),
(52, 9, 'produk', 11, 24, 3, 4, '2021-07-12 12:38:20'),
(53, 9, 'produk', 11, 25, 4, 4, '2021-07-12 12:38:20'),
(54, 9, 'produk', 12, 26, 4, 4, '2021-07-12 12:38:20'),
(55, 9, 'produk', 13, 27, 3, 4, '2021-07-12 12:38:20'),
(56, 9, 'produk', 13, 28, 4, 4, '2021-07-12 12:38:20'),
(57, 9, 'produk', 14, 29, 4, 4, '2021-07-12 12:38:20'),
(58, 9, 'produk', 14, 30, 3, 4, '2021-07-12 12:38:20'),
(59, 9, 'produk', 15, 31, 3, 3, '2021-07-12 12:38:20'),
(60, 9, 'produk', 15, 32, 4, 4, '2021-07-12 12:38:20'),
(61, 10, 'layanan', 3, 3, 4, 4, '2021-07-12 12:42:34'),
(62, 10, 'layanan', 3, 4, 3, 4, '2021-07-12 12:42:34'),
(63, 10, 'layanan', 3, 5, 4, 4, '2021-07-12 12:42:34'),
(64, 10, 'layanan', 4, 6, 3, 3, '2021-07-12 12:42:34'),
(65, 10, 'layanan', 4, 7, 2, 3, '2021-07-12 12:42:34'),
(66, 10, 'layanan', 5, 8, 2, 4, '2021-07-12 12:42:34'),
(67, 10, 'layanan', 5, 9, 3, 3, '2021-07-12 12:42:34'),
(68, 10, 'layanan', 5, 10, 4, 4, '2021-07-12 12:42:34'),
(69, 10, 'layanan', 6, 11, 3, 3, '2021-07-12 12:42:34'),
(70, 10, 'layanan', 6, 12, 4, 4, '2021-07-12 12:42:34'),
(71, 10, 'layanan', 6, 13, 3, 4, '2021-07-12 12:42:34'),
(72, 10, 'layanan', 7, 14, 3, 3, '2021-07-12 12:42:34'),
(73, 10, 'layanan', 7, 15, 4, 4, '2021-07-12 12:42:34'),
(74, 10, 'produk', 8, 16, 4, 4, '2021-07-12 12:42:34'),
(75, 10, 'produk', 8, 17, 3, 4, '2021-07-12 12:42:34'),
(76, 10, 'produk', 8, 18, 3, 4, '2021-07-12 12:42:34'),
(77, 10, 'produk', 8, 19, 4, 4, '2021-07-12 12:42:34'),
(78, 10, 'produk', 9, 20, 3, 3, '2021-07-12 12:42:34'),
(79, 10, 'produk', 9, 21, 4, 4, '2021-07-12 12:42:34'),
(80, 10, 'produk', 9, 22, 3, 4, '2021-07-12 12:42:34'),
(81, 10, 'produk', 10, 23, 4, 4, '2021-07-12 12:42:34'),
(82, 10, 'produk', 11, 24, 3, 4, '2021-07-12 12:42:34'),
(83, 10, 'produk', 11, 25, 4, 4, '2021-07-12 12:42:34'),
(84, 10, 'produk', 12, 26, 3, 3, '2021-07-12 12:42:34'),
(85, 10, 'produk', 13, 27, 4, 4, '2021-07-12 12:42:34'),
(86, 10, 'produk', 13, 28, 3, 3, '2021-07-12 12:42:34'),
(87, 10, 'produk', 14, 29, 4, 4, '2021-07-12 12:42:34'),
(88, 10, 'produk', 14, 30, 3, 4, '2021-07-12 12:42:34'),
(89, 10, 'produk', 15, 31, 4, 4, '2021-07-12 12:42:34'),
(90, 10, 'produk', 15, 32, 3, 4, '2021-07-12 12:42:34'),
(91, 11, 'layanan', 3, 3, 3, 4, '2021-07-12 12:45:44'),
(92, 11, 'layanan', 3, 4, 4, 4, '2021-07-12 12:45:44'),
(93, 11, 'layanan', 3, 5, 3, 3, '2021-07-12 12:45:44'),
(94, 11, 'layanan', 4, 6, 4, 4, '2021-07-12 12:45:44'),
(95, 11, 'layanan', 4, 7, 3, 4, '2021-07-12 12:45:44'),
(96, 11, 'layanan', 5, 8, 4, 4, '2021-07-12 12:45:44'),
(97, 11, 'layanan', 5, 9, 3, 4, '2021-07-12 12:45:44'),
(98, 11, 'layanan', 5, 10, 4, 4, '2021-07-12 12:45:44'),
(99, 11, 'layanan', 6, 11, 4, 4, '2021-07-12 12:45:44'),
(100, 11, 'layanan', 6, 12, 3, 4, '2021-07-12 12:45:44'),
(101, 11, 'layanan', 6, 13, 4, 4, '2021-07-12 12:45:44'),
(102, 11, 'layanan', 7, 14, 3, 3, '2021-07-12 12:45:44'),
(103, 11, 'layanan', 7, 15, 3, 4, '2021-07-12 12:45:44'),
(104, 11, 'produk', 8, 16, 4, 4, '2021-07-12 12:45:44'),
(105, 11, 'produk', 8, 17, 3, 4, '2021-07-12 12:45:44'),
(106, 11, 'produk', 8, 18, 4, 4, '2021-07-12 12:45:44'),
(107, 11, 'produk', 8, 19, 3, 4, '2021-07-12 12:45:44'),
(108, 11, 'produk', 9, 20, 4, 4, '2021-07-12 12:45:44'),
(109, 11, 'produk', 9, 21, 3, 3, '2021-07-12 12:45:44'),
(110, 11, 'produk', 9, 22, 4, 4, '2021-07-12 12:45:44'),
(111, 11, 'produk', 10, 23, 3, 4, '2021-07-12 12:45:44'),
(112, 11, 'produk', 11, 24, 4, 4, '2021-07-12 12:45:44'),
(113, 11, 'produk', 11, 25, 3, 4, '2021-07-12 12:45:44'),
(114, 11, 'produk', 12, 26, 3, 3, '2021-07-12 12:45:44'),
(115, 11, 'produk', 13, 27, 3, 3, '2021-07-12 12:45:44'),
(116, 11, 'produk', 13, 28, 3, 4, '2021-07-12 12:45:44'),
(117, 11, 'produk', 14, 29, 4, 4, '2021-07-12 12:45:44'),
(118, 11, 'produk', 14, 30, 3, 3, '2021-07-12 12:45:44'),
(119, 11, 'produk', 15, 31, 4, 4, '2021-07-12 12:45:44'),
(120, 11, 'produk', 15, 32, 4, 4, '2021-07-12 12:45:44'),
(121, 12, 'layanan', 3, 3, 4, 4, '2021-07-12 12:47:40'),
(122, 12, 'layanan', 3, 4, 3, 4, '2021-07-12 12:47:40'),
(123, 12, 'layanan', 3, 5, 4, 4, '2021-07-12 12:47:40'),
(124, 12, 'layanan', 4, 6, 3, 3, '2021-07-12 12:47:40'),
(125, 12, 'layanan', 4, 7, 3, 3, '2021-07-12 12:47:40'),
(126, 12, 'layanan', 5, 8, 4, 4, '2021-07-12 12:47:40'),
(127, 12, 'layanan', 5, 9, 4, 4, '2021-07-12 12:47:40'),
(128, 12, 'layanan', 5, 10, 3, 3, '2021-07-12 12:47:40'),
(129, 12, 'layanan', 6, 11, 4, 4, '2021-07-12 12:47:40'),
(130, 12, 'layanan', 6, 12, 3, 3, '2021-07-12 12:47:40'),
(131, 12, 'layanan', 6, 13, 3, 4, '2021-07-12 12:47:40'),
(132, 12, 'layanan', 7, 14, 4, 4, '2021-07-12 12:47:40'),
(133, 12, 'layanan', 7, 15, 3, 3, '2021-07-12 12:47:40'),
(134, 12, 'produk', 8, 16, 4, 4, '2021-07-12 12:47:40'),
(135, 12, 'produk', 8, 17, 3, 4, '2021-07-12 12:47:40'),
(136, 12, 'produk', 8, 18, 4, 4, '2021-07-12 12:47:40'),
(137, 12, 'produk', 8, 19, 3, 3, '2021-07-12 12:47:40'),
(138, 12, 'produk', 9, 20, 4, 4, '2021-07-12 12:47:40'),
(139, 12, 'produk', 9, 21, 4, 4, '2021-07-12 12:47:40'),
(140, 12, 'produk', 9, 22, 3, 4, '2021-07-12 12:47:40'),
(141, 12, 'produk', 10, 23, 4, 4, '2021-07-12 12:47:40'),
(142, 12, 'produk', 11, 24, 4, 4, '2021-07-12 12:47:40'),
(143, 12, 'produk', 11, 25, 4, 4, '2021-07-12 12:47:40'),
(144, 12, 'produk', 12, 26, 3, 4, '2021-07-12 12:47:40'),
(145, 12, 'produk', 13, 27, 4, 4, '2021-07-12 12:47:40'),
(146, 12, 'produk', 13, 28, 3, 4, '2021-07-12 12:47:40'),
(147, 12, 'produk', 14, 29, 4, 4, '2021-07-12 12:47:40'),
(148, 12, 'produk', 14, 30, 4, 4, '2021-07-12 12:47:40'),
(149, 12, 'produk', 15, 31, 3, 4, '2021-07-12 12:47:40'),
(150, 12, 'produk', 15, 32, 4, 4, '2021-07-12 12:47:40'),
(151, 13, 'layanan', 3, 3, 4, 4, '2021-07-12 12:52:51'),
(152, 13, 'layanan', 3, 4, 3, 4, '2021-07-12 12:52:51'),
(153, 13, 'layanan', 3, 5, 4, 4, '2021-07-12 12:52:51'),
(154, 13, 'layanan', 4, 6, 3, 4, '2021-07-12 12:52:51'),
(155, 13, 'layanan', 4, 7, 4, 4, '2021-07-12 12:52:51'),
(156, 13, 'layanan', 5, 8, 4, 4, '2021-07-12 12:52:51'),
(157, 13, 'layanan', 5, 9, 3, 4, '2021-07-12 12:52:51'),
(158, 13, 'layanan', 5, 10, 4, 4, '2021-07-12 12:52:51'),
(159, 13, 'layanan', 6, 11, 3, 4, '2021-07-12 12:52:51'),
(160, 13, 'layanan', 6, 12, 4, 4, '2021-07-12 12:52:51'),
(161, 13, 'layanan', 6, 13, 4, 4, '2021-07-12 12:52:51'),
(162, 13, 'layanan', 7, 14, 3, 4, '2021-07-12 12:52:51'),
(163, 13, 'layanan', 7, 15, 4, 4, '2021-07-12 12:52:51'),
(164, 13, 'produk', 8, 16, 4, 4, '2021-07-12 12:52:51'),
(165, 13, 'produk', 8, 17, 3, 4, '2021-07-12 12:52:51'),
(166, 13, 'produk', 8, 18, 3, 3, '2021-07-12 12:52:51'),
(167, 13, 'produk', 8, 19, 4, 4, '2021-07-12 12:52:51'),
(168, 13, 'produk', 9, 20, 4, 4, '2021-07-12 12:52:51'),
(169, 13, 'produk', 9, 21, 3, 4, '2021-07-12 12:52:51'),
(170, 13, 'produk', 9, 22, 4, 4, '2021-07-12 12:52:51'),
(171, 13, 'produk', 10, 23, 3, 3, '2021-07-12 12:52:51'),
(172, 13, 'produk', 11, 24, 3, 4, '2021-07-12 12:52:51'),
(173, 13, 'produk', 11, 25, 4, 4, '2021-07-12 12:52:51'),
(174, 13, 'produk', 12, 26, 3, 3, '2021-07-12 12:52:51'),
(175, 13, 'produk', 13, 27, 3, 4, '2021-07-12 12:52:51'),
(176, 13, 'produk', 13, 28, 4, 4, '2021-07-12 12:52:51'),
(177, 13, 'produk', 14, 29, 3, 3, '2021-07-12 12:52:51'),
(178, 13, 'produk', 14, 30, 4, 4, '2021-07-12 12:52:51'),
(179, 13, 'produk', 15, 31, 4, 4, '2021-07-12 12:52:51'),
(180, 13, 'produk', 15, 32, 3, 4, '2021-07-12 12:52:51'),
(181, 14, 'layanan', 3, 3, 4, 4, '2021-07-12 12:54:42'),
(182, 14, 'layanan', 3, 4, 3, 4, '2021-07-12 12:54:42'),
(183, 14, 'layanan', 3, 5, 4, 4, '2021-07-12 12:54:42'),
(184, 14, 'layanan', 4, 6, 3, 4, '2021-07-12 12:54:42'),
(185, 14, 'layanan', 4, 7, 4, 4, '2021-07-12 12:54:42'),
(186, 14, 'layanan', 5, 8, 4, 4, '2021-07-12 12:54:42'),
(187, 14, 'layanan', 5, 9, 4, 4, '2021-07-12 12:54:42'),
(188, 14, 'layanan', 5, 10, 3, 3, '2021-07-12 12:54:42'),
(189, 14, 'layanan', 6, 11, 4, 4, '2021-07-12 12:54:42'),
(190, 14, 'layanan', 6, 12, 3, 4, '2021-07-12 12:54:42'),
(191, 14, 'layanan', 6, 13, 4, 4, '2021-07-12 12:54:42'),
(192, 14, 'layanan', 7, 14, 3, 4, '2021-07-12 12:54:42'),
(193, 14, 'layanan', 7, 15, 3, 3, '2021-07-12 12:54:42'),
(194, 14, 'produk', 8, 16, 4, 4, '2021-07-12 12:54:42'),
(195, 14, 'produk', 8, 17, 4, 4, '2021-07-12 12:54:42'),
(196, 14, 'produk', 8, 18, 3, 3, '2021-07-12 12:54:42'),
(197, 14, 'produk', 8, 19, 4, 4, '2021-07-12 12:54:42'),
(198, 14, 'produk', 9, 20, 3, 4, '2021-07-12 12:54:42'),
(199, 14, 'produk', 9, 21, 3, 3, '2021-07-12 12:54:42'),
(200, 14, 'produk', 9, 22, 3, 3, '2021-07-12 12:54:42'),
(201, 14, 'produk', 10, 23, 4, 4, '2021-07-12 12:54:42'),
(202, 14, 'produk', 11, 24, 3, 4, '2021-07-12 12:54:42'),
(203, 14, 'produk', 11, 25, 4, 4, '2021-07-12 12:54:42'),
(204, 14, 'produk', 12, 26, 3, 4, '2021-07-12 12:54:42'),
(205, 14, 'produk', 13, 27, 3, 4, '2021-07-12 12:54:42'),
(206, 14, 'produk', 13, 28, 4, 4, '2021-07-12 12:54:42'),
(207, 14, 'produk', 14, 29, 4, 4, '2021-07-12 12:54:42'),
(208, 14, 'produk', 14, 30, 3, 3, '2021-07-12 12:54:42'),
(209, 14, 'produk', 15, 31, 4, 4, '2021-07-12 12:54:42'),
(210, 14, 'produk', 15, 32, 3, 3, '2021-07-12 12:54:42'),
(211, 15, 'layanan', 3, 3, 3, 4, '2021-07-12 12:56:35'),
(212, 15, 'layanan', 3, 4, 3, 3, '2021-07-12 12:56:35'),
(213, 15, 'layanan', 3, 5, 4, 4, '2021-07-12 12:56:35'),
(214, 15, 'layanan', 4, 6, 3, 3, '2021-07-12 12:56:35'),
(215, 15, 'layanan', 4, 7, 3, 4, '2021-07-12 12:56:35'),
(216, 15, 'layanan', 5, 8, 3, 4, '2021-07-12 12:56:35'),
(217, 15, 'layanan', 5, 9, 4, 4, '2021-07-12 12:56:35'),
(218, 15, 'layanan', 5, 10, 3, 3, '2021-07-12 12:56:35'),
(219, 15, 'layanan', 6, 11, 4, 4, '2021-07-12 12:56:35'),
(220, 15, 'layanan', 6, 12, 3, 3, '2021-07-12 12:56:35'),
(221, 15, 'layanan', 6, 13, 4, 4, '2021-07-12 12:56:35'),
(222, 15, 'layanan', 7, 14, 3, 3, '2021-07-12 12:56:35'),
(223, 15, 'layanan', 7, 15, 4, 4, '2021-07-12 12:56:35'),
(224, 15, 'produk', 8, 16, 4, 4, '2021-07-12 12:56:35'),
(225, 15, 'produk', 8, 17, 3, 3, '2021-07-12 12:56:35'),
(226, 15, 'produk', 8, 18, 3, 4, '2021-07-12 12:56:35'),
(227, 15, 'produk', 8, 19, 4, 4, '2021-07-12 12:56:35'),
(228, 15, 'produk', 9, 20, 3, 4, '2021-07-12 12:56:35'),
(229, 15, 'produk', 9, 21, 3, 3, '2021-07-12 12:56:35'),
(230, 15, 'produk', 9, 22, 4, 4, '2021-07-12 12:56:35'),
(231, 15, 'produk', 10, 23, 3, 4, '2021-07-12 12:56:35'),
(232, 15, 'produk', 11, 24, 3, 3, '2021-07-12 12:56:35'),
(233, 15, 'produk', 11, 25, 3, 4, '2021-07-12 12:56:35'),
(234, 15, 'produk', 12, 26, 3, 3, '2021-07-12 12:56:35'),
(235, 15, 'produk', 13, 27, 3, 3, '2021-07-12 12:56:35'),
(236, 15, 'produk', 13, 28, 3, 4, '2021-07-12 12:56:35'),
(237, 15, 'produk', 14, 29, 4, 4, '2021-07-12 12:56:35'),
(238, 15, 'produk', 14, 30, 3, 3, '2021-07-12 12:56:35'),
(239, 15, 'produk', 15, 31, 4, 4, '2021-07-12 12:56:35'),
(240, 15, 'produk', 15, 32, 3, 4, '2021-07-12 12:56:35'),
(241, 16, 'layanan', 3, 3, 4, 4, '2021-07-12 12:58:41'),
(242, 16, 'layanan', 3, 4, 3, 4, '2021-07-12 12:58:41'),
(243, 16, 'layanan', 3, 5, 4, 4, '2021-07-12 12:58:41'),
(244, 16, 'layanan', 4, 6, 3, 4, '2021-07-12 12:58:41'),
(245, 16, 'layanan', 4, 7, 3, 3, '2021-07-12 12:58:41'),
(246, 16, 'layanan', 5, 8, 4, 4, '2021-07-12 12:58:41'),
(247, 16, 'layanan', 5, 9, 3, 3, '2021-07-12 12:58:41'),
(248, 16, 'layanan', 5, 10, 3, 3, '2021-07-12 12:58:41'),
(249, 16, 'layanan', 6, 11, 4, 4, '2021-07-12 12:58:41'),
(250, 16, 'layanan', 6, 12, 3, 4, '2021-07-12 12:58:41'),
(251, 16, 'layanan', 6, 13, 4, 4, '2021-07-12 12:58:41'),
(252, 16, 'layanan', 7, 14, 3, 3, '2021-07-12 12:58:41'),
(253, 16, 'layanan', 7, 15, 3, 4, '2021-07-12 12:58:41'),
(254, 16, 'produk', 8, 16, 3, 4, '2021-07-12 12:58:41'),
(255, 16, 'produk', 8, 17, 4, 4, '2021-07-12 12:58:41'),
(256, 16, 'produk', 8, 18, 4, 4, '2021-07-12 12:58:41'),
(257, 16, 'produk', 8, 19, 3, 4, '2021-07-12 12:58:41'),
(258, 16, 'produk', 9, 20, 3, 3, '2021-07-12 12:58:41'),
(259, 16, 'produk', 9, 21, 3, 4, '2021-07-12 12:58:41'),
(260, 16, 'produk', 9, 22, 4, 4, '2021-07-12 12:58:41'),
(261, 16, 'produk', 10, 23, 3, 3, '2021-07-12 12:58:41'),
(262, 16, 'produk', 11, 24, 3, 4, '2021-07-12 12:58:41'),
(263, 16, 'produk', 11, 25, 4, 4, '2021-07-12 12:58:41'),
(264, 16, 'produk', 12, 26, 3, 4, '2021-07-12 12:58:41'),
(265, 16, 'produk', 13, 27, 3, 3, '2021-07-12 12:58:41'),
(266, 16, 'produk', 13, 28, 4, 4, '2021-07-12 12:58:41'),
(267, 16, 'produk', 14, 29, 4, 4, '2021-07-12 12:58:41'),
(268, 16, 'produk', 14, 30, 4, 4, '2021-07-12 12:58:41'),
(269, 16, 'produk', 15, 31, 3, 4, '2021-07-12 12:58:41'),
(270, 16, 'produk', 15, 32, 3, 3, '2021-07-12 12:58:41'),
(271, 17, 'layanan', 3, 3, 4, 4, '2021-07-12 13:02:04'),
(272, 17, 'layanan', 3, 4, 3, 4, '2021-07-12 13:02:04'),
(273, 17, 'layanan', 3, 5, 3, 3, '2021-07-12 13:02:04'),
(274, 17, 'layanan', 4, 6, 4, 4, '2021-07-12 13:02:04'),
(275, 17, 'layanan', 4, 7, 3, 3, '2021-07-12 13:02:04'),
(276, 17, 'layanan', 5, 8, 3, 3, '2021-07-12 13:02:04'),
(277, 17, 'layanan', 5, 9, 4, 4, '2021-07-12 13:02:04'),
(278, 17, 'layanan', 5, 10, 3, 3, '2021-07-12 13:02:04'),
(279, 17, 'layanan', 6, 11, 3, 4, '2021-07-12 13:02:04'),
(280, 17, 'layanan', 6, 12, 4, 4, '2021-07-12 13:02:04'),
(281, 17, 'layanan', 6, 13, 3, 3, '2021-07-12 13:02:04'),
(282, 17, 'layanan', 7, 14, 3, 4, '2021-07-12 13:02:04'),
(283, 17, 'layanan', 7, 15, 4, 4, '2021-07-12 13:02:04'),
(284, 17, 'produk', 8, 16, 3, 4, '2021-07-12 13:02:04'),
(285, 17, 'produk', 8, 17, 4, 4, '2021-07-12 13:02:04'),
(286, 17, 'produk', 8, 18, 4, 4, '2021-07-12 13:02:04'),
(287, 17, 'produk', 8, 19, 3, 4, '2021-07-12 13:02:04'),
(288, 17, 'produk', 9, 20, 4, 4, '2021-07-12 13:02:04'),
(289, 17, 'produk', 9, 21, 3, 3, '2021-07-12 13:02:04'),
(290, 17, 'produk', 9, 22, 3, 4, '2021-07-12 13:02:04'),
(291, 17, 'produk', 10, 23, 4, 4, '2021-07-12 13:02:04'),
(292, 17, 'produk', 11, 24, 3, 4, '2021-07-12 13:02:04'),
(293, 17, 'produk', 11, 25, 4, 4, '2021-07-12 13:02:04'),
(294, 17, 'produk', 12, 26, 3, 4, '2021-07-12 13:02:04'),
(295, 17, 'produk', 13, 27, 4, 4, '2021-07-12 13:02:04'),
(296, 17, 'produk', 13, 28, 3, 4, '2021-07-12 13:02:04'),
(297, 17, 'produk', 14, 29, 4, 4, '2021-07-12 13:02:04'),
(298, 17, 'produk', 14, 30, 3, 4, '2021-07-12 13:02:04'),
(299, 17, 'produk', 15, 31, 4, 4, '2021-07-12 13:02:04'),
(300, 17, 'produk', 15, 32, 3, 4, '2021-07-12 13:02:04'),
(301, 18, 'layanan', 3, 3, 4, 4, '2021-07-12 13:04:42'),
(302, 18, 'layanan', 3, 4, 3, 4, '2021-07-12 13:04:42'),
(303, 18, 'layanan', 3, 5, 4, 4, '2021-07-12 13:04:42'),
(304, 18, 'layanan', 4, 6, 3, 3, '2021-07-12 13:04:42'),
(305, 18, 'layanan', 4, 7, 4, 4, '2021-07-12 13:04:42'),
(306, 18, 'layanan', 5, 8, 3, 3, '2021-07-12 13:04:42'),
(307, 18, 'layanan', 5, 9, 2, 3, '2021-07-12 13:04:42'),
(308, 18, 'layanan', 5, 10, 4, 4, '2021-07-12 13:04:42'),
(309, 18, 'layanan', 6, 11, 4, 4, '2021-07-12 13:04:42'),
(310, 18, 'layanan', 6, 12, 3, 4, '2021-07-12 13:04:42'),
(311, 18, 'layanan', 6, 13, 4, 4, '2021-07-12 13:04:42'),
(312, 18, 'layanan', 7, 14, 3, 3, '2021-07-12 13:04:42'),
(313, 18, 'layanan', 7, 15, 3, 4, '2021-07-12 13:04:42'),
(314, 18, 'produk', 8, 16, 4, 4, '2021-07-12 13:04:42'),
(315, 18, 'produk', 8, 17, 3, 4, '2021-07-12 13:04:42'),
(316, 18, 'produk', 8, 18, 3, 4, '2021-07-12 13:04:42'),
(317, 18, 'produk', 8, 19, 4, 4, '2021-07-12 13:04:42'),
(318, 18, 'produk', 9, 20, 3, 4, '2021-07-12 13:04:42'),
(319, 18, 'produk', 9, 21, 3, 3, '2021-07-12 13:04:42'),
(320, 18, 'produk', 9, 22, 4, 4, '2021-07-12 13:04:42'),
(321, 18, 'produk', 10, 23, 3, 4, '2021-07-12 13:04:42'),
(322, 18, 'produk', 11, 24, 3, 3, '2021-07-12 13:04:42'),
(323, 18, 'produk', 11, 25, 4, 4, '2021-07-12 13:04:42'),
(324, 18, 'produk', 12, 26, 3, 4, '2021-07-12 13:04:42'),
(325, 18, 'produk', 13, 27, 4, 4, '2021-07-12 13:04:42'),
(326, 18, 'produk', 13, 28, 3, 3, '2021-07-12 13:04:42'),
(327, 18, 'produk', 14, 29, 4, 4, '2021-07-12 13:04:42'),
(328, 18, 'produk', 14, 30, 4, 4, '2021-07-12 13:04:42'),
(329, 18, 'produk', 15, 31, 3, 4, '2021-07-12 13:04:42'),
(330, 18, 'produk', 15, 32, 4, 4, '2021-07-12 13:04:42'),
(331, 19, 'layanan', 3, 3, 4, 4, '2021-07-12 13:06:55'),
(332, 19, 'layanan', 3, 4, 3, 4, '2021-07-12 13:06:55'),
(333, 19, 'layanan', 3, 5, 3, 3, '2021-07-12 13:06:55'),
(334, 19, 'layanan', 4, 6, 3, 4, '2021-07-12 13:06:55'),
(335, 19, 'layanan', 4, 7, 4, 4, '2021-07-12 13:06:55'),
(336, 19, 'layanan', 5, 8, 3, 4, '2021-07-12 13:06:55'),
(337, 19, 'layanan', 5, 9, 4, 4, '2021-07-12 13:06:55'),
(338, 19, 'layanan', 5, 10, 3, 3, '2021-07-12 13:06:55'),
(339, 19, 'layanan', 6, 11, 4, 4, '2021-07-12 13:06:55'),
(340, 19, 'layanan', 6, 12, 3, 4, '2021-07-12 13:06:55'),
(341, 19, 'layanan', 6, 13, 4, 4, '2021-07-12 13:06:55'),
(342, 19, 'layanan', 7, 14, 3, 3, '2021-07-12 13:06:55'),
(343, 19, 'layanan', 7, 15, 3, 3, '2021-07-12 13:06:55'),
(344, 19, 'produk', 8, 16, 4, 4, '2021-07-12 13:06:55'),
(345, 19, 'produk', 8, 17, 3, 4, '2021-07-12 13:06:55'),
(346, 19, 'produk', 8, 18, 3, 4, '2021-07-12 13:06:55'),
(347, 19, 'produk', 8, 19, 3, 3, '2021-07-12 13:06:55'),
(348, 19, 'produk', 9, 20, 3, 4, '2021-07-12 13:06:55'),
(349, 19, 'produk', 9, 21, 4, 4, '2021-07-12 13:06:55'),
(350, 19, 'produk', 9, 22, 4, 4, '2021-07-12 13:06:55'),
(351, 19, 'produk', 10, 23, 3, 3, '2021-07-12 13:06:55'),
(352, 19, 'produk', 11, 24, 4, 4, '2021-07-12 13:06:55'),
(353, 19, 'produk', 11, 25, 3, 4, '2021-07-12 13:06:55'),
(354, 19, 'produk', 12, 26, 4, 4, '2021-07-12 13:06:55'),
(355, 19, 'produk', 13, 27, 3, 4, '2021-07-12 13:06:55'),
(356, 19, 'produk', 13, 28, 3, 3, '2021-07-12 13:06:55'),
(357, 19, 'produk', 14, 29, 3, 4, '2021-07-12 13:06:55'),
(358, 19, 'produk', 14, 30, 4, 4, '2021-07-12 13:06:55'),
(359, 19, 'produk', 15, 31, 4, 4, '2021-07-12 13:06:55'),
(360, 19, 'produk', 15, 32, 3, 4, '2021-07-12 13:06:55'),
(361, 20, 'layanan', 3, 3, 3, 4, '2021-07-12 13:09:01'),
(362, 20, 'layanan', 3, 4, 4, 4, '2021-07-12 13:09:01'),
(363, 20, 'layanan', 3, 5, 3, 3, '2021-07-12 13:09:01'),
(364, 20, 'layanan', 4, 6, 4, 4, '2021-07-12 13:09:01'),
(365, 20, 'layanan', 4, 7, 3, 3, '2021-07-12 13:09:01'),
(366, 20, 'layanan', 5, 8, 4, 4, '2021-07-12 13:09:01'),
(367, 20, 'layanan', 5, 9, 3, 4, '2021-07-12 13:09:01'),
(368, 20, 'layanan', 5, 10, 4, 4, '2021-07-12 13:09:01'),
(369, 20, 'layanan', 6, 11, 3, 4, '2021-07-12 13:09:01'),
(370, 20, 'layanan', 6, 12, 4, 4, '2021-07-12 13:09:01'),
(371, 20, 'layanan', 6, 13, 3, 3, '2021-07-12 13:09:01'),
(372, 20, 'layanan', 7, 14, 3, 4, '2021-07-12 13:09:01'),
(373, 20, 'layanan', 7, 15, 4, 4, '2021-07-12 13:09:01'),
(374, 20, 'produk', 8, 16, 3, 4, '2021-07-12 13:09:01'),
(375, 20, 'produk', 8, 17, 3, 4, '2021-07-12 13:09:01'),
(376, 20, 'produk', 8, 18, 4, 4, '2021-07-12 13:09:01'),
(377, 20, 'produk', 8, 19, 3, 3, '2021-07-12 13:09:01'),
(378, 20, 'produk', 9, 20, 3, 4, '2021-07-12 13:09:01'),
(379, 20, 'produk', 9, 21, 4, 4, '2021-07-12 13:09:01'),
(380, 20, 'produk', 9, 22, 3, 3, '2021-07-12 13:09:01'),
(381, 20, 'produk', 10, 23, 4, 4, '2021-07-12 13:09:01'),
(382, 20, 'produk', 11, 24, 4, 4, '2021-07-12 13:09:01'),
(383, 20, 'produk', 11, 25, 3, 3, '2021-07-12 13:09:01'),
(384, 20, 'produk', 12, 26, 3, 4, '2021-07-12 13:09:01'),
(385, 20, 'produk', 13, 27, 4, 4, '2021-07-12 13:09:01'),
(386, 20, 'produk', 13, 28, 3, 3, '2021-07-12 13:09:01'),
(387, 20, 'produk', 14, 29, 3, 4, '2021-07-12 13:09:01'),
(388, 20, 'produk', 14, 30, 4, 4, '2021-07-12 13:09:01'),
(389, 20, 'produk', 15, 31, 3, 4, '2021-07-12 13:09:01'),
(390, 20, 'produk', 15, 32, 3, 3, '2021-07-12 13:09:01'),
(391, 21, 'layanan', 3, 3, 4, 4, '2021-07-12 13:11:00'),
(392, 21, 'layanan', 3, 4, 3, 4, '2021-07-12 13:11:00'),
(393, 21, 'layanan', 3, 5, 3, 3, '2021-07-12 13:11:00'),
(394, 21, 'layanan', 4, 6, 3, 4, '2021-07-12 13:11:00'),
(395, 21, 'layanan', 4, 7, 3, 3, '2021-07-12 13:11:00'),
(396, 21, 'layanan', 5, 8, 4, 4, '2021-07-12 13:11:00'),
(397, 21, 'layanan', 5, 9, 3, 4, '2021-07-12 13:11:00'),
(398, 21, 'layanan', 5, 10, 4, 4, '2021-07-12 13:11:00'),
(399, 21, 'layanan', 6, 11, 3, 4, '2021-07-12 13:11:00'),
(400, 21, 'layanan', 6, 12, 4, 4, '2021-07-12 13:11:00'),
(401, 21, 'layanan', 6, 13, 3, 3, '2021-07-12 13:11:00'),
(402, 21, 'layanan', 7, 14, 3, 4, '2021-07-12 13:11:00'),
(403, 21, 'layanan', 7, 15, 4, 4, '2021-07-12 13:11:00'),
(404, 21, 'produk', 8, 16, 3, 4, '2021-07-12 13:11:00'),
(405, 21, 'produk', 8, 17, 4, 4, '2021-07-12 13:11:00'),
(406, 21, 'produk', 8, 18, 3, 4, '2021-07-12 13:11:00'),
(407, 21, 'produk', 8, 19, 4, 4, '2021-07-12 13:11:00'),
(408, 21, 'produk', 9, 20, 3, 4, '2021-07-12 13:11:00'),
(409, 21, 'produk', 9, 21, 4, 4, '2021-07-12 13:11:00'),
(410, 21, 'produk', 9, 22, 3, 4, '2021-07-12 13:11:00'),
(411, 21, 'produk', 10, 23, 4, 4, '2021-07-12 13:11:00'),
(412, 21, 'produk', 11, 24, 3, 3, '2021-07-12 13:11:00'),
(413, 21, 'produk', 11, 25, 3, 4, '2021-07-12 13:11:00'),
(414, 21, 'produk', 12, 26, 4, 4, '2021-07-12 13:11:00'),
(415, 21, 'produk', 13, 27, 3, 4, '2021-07-12 13:11:00'),
(416, 21, 'produk', 13, 28, 3, 3, '2021-07-12 13:11:00'),
(417, 21, 'produk', 14, 29, 3, 4, '2021-07-12 13:11:00'),
(418, 21, 'produk', 14, 30, 4, 4, '2021-07-12 13:11:00'),
(419, 21, 'produk', 15, 31, 3, 4, '2021-07-12 13:11:00'),
(420, 21, 'produk', 15, 32, 4, 4, '2021-07-12 13:11:00'),
(421, 22, 'layanan', 3, 3, 4, 4, '2021-07-12 13:13:00'),
(422, 22, 'layanan', 3, 4, 3, 4, '2021-07-12 13:13:00'),
(423, 22, 'layanan', 3, 5, 3, 3, '2021-07-12 13:13:00'),
(424, 22, 'layanan', 4, 6, 3, 4, '2021-07-12 13:13:00'),
(425, 22, 'layanan', 4, 7, 4, 4, '2021-07-12 13:13:00'),
(426, 22, 'layanan', 5, 8, 3, 4, '2021-07-12 13:13:00'),
(427, 22, 'layanan', 5, 9, 3, 3, '2021-07-12 13:13:00'),
(428, 22, 'layanan', 5, 10, 3, 4, '2021-07-12 13:13:00'),
(429, 22, 'layanan', 6, 11, 4, 4, '2021-07-12 13:13:00'),
(430, 22, 'layanan', 6, 12, 3, 4, '2021-07-12 13:13:00'),
(431, 22, 'layanan', 6, 13, 4, 4, '2021-07-12 13:13:00'),
(432, 22, 'layanan', 7, 14, 3, 4, '2021-07-12 13:13:00'),
(433, 22, 'layanan', 7, 15, 4, 4, '2021-07-12 13:13:00'),
(434, 22, 'produk', 8, 16, 3, 4, '2021-07-12 13:13:00'),
(435, 22, 'produk', 8, 17, 3, 4, '2021-07-12 13:13:00'),
(436, 22, 'produk', 8, 18, 4, 4, '2021-07-12 13:13:00'),
(437, 22, 'produk', 8, 19, 4, 4, '2021-07-12 13:13:00'),
(438, 22, 'produk', 9, 20, 3, 3, '2021-07-12 13:13:00'),
(439, 22, 'produk', 9, 21, 3, 3, '2021-07-12 13:13:00'),
(440, 22, 'produk', 9, 22, 4, 4, '2021-07-12 13:13:00'),
(441, 22, 'produk', 10, 23, 4, 4, '2021-07-12 13:13:00'),
(442, 22, 'produk', 11, 24, 4, 4, '2021-07-12 13:13:00'),
(443, 22, 'produk', 11, 25, 4, 4, '2021-07-12 13:13:00'),
(444, 22, 'produk', 12, 26, 4, 4, '2021-07-12 13:13:00'),
(445, 22, 'produk', 13, 27, 3, 4, '2021-07-12 13:13:00'),
(446, 22, 'produk', 13, 28, 3, 3, '2021-07-12 13:13:00'),
(447, 22, 'produk', 14, 29, 4, 4, '2021-07-12 13:13:00'),
(448, 22, 'produk', 14, 30, 3, 3, '2021-07-12 13:13:00'),
(449, 22, 'produk', 15, 31, 3, 3, '2021-07-12 13:13:00'),
(450, 22, 'produk', 15, 32, 4, 4, '2021-07-12 13:13:00'),
(451, 23, 'layanan', 3, 3, 4, 4, '2021-07-12 13:14:46'),
(452, 23, 'layanan', 3, 4, 3, 4, '2021-07-12 13:14:46'),
(453, 23, 'layanan', 3, 5, 4, 4, '2021-07-12 13:14:46'),
(454, 23, 'layanan', 4, 6, 3, 4, '2021-07-12 13:14:46'),
(455, 23, 'layanan', 4, 7, 3, 3, '2021-07-12 13:14:46'),
(456, 23, 'layanan', 5, 8, 4, 4, '2021-07-12 13:14:46'),
(457, 23, 'layanan', 5, 9, 3, 3, '2021-07-12 13:14:46'),
(458, 23, 'layanan', 5, 10, 3, 4, '2021-07-12 13:14:46'),
(459, 23, 'layanan', 6, 11, 3, 4, '2021-07-12 13:14:46'),
(460, 23, 'layanan', 6, 12, 3, 3, '2021-07-12 13:14:46'),
(461, 23, 'layanan', 6, 13, 3, 3, '2021-07-12 13:14:46'),
(462, 23, 'layanan', 7, 14, 4, 4, '2021-07-12 13:14:46'),
(463, 23, 'layanan', 7, 15, 4, 4, '2021-07-12 13:14:46'),
(464, 23, 'produk', 8, 16, 4, 4, '2021-07-12 13:14:46'),
(465, 23, 'produk', 8, 17, 3, 4, '2021-07-12 13:14:46'),
(466, 23, 'produk', 8, 18, 3, 4, '2021-07-12 13:14:46'),
(467, 23, 'produk', 8, 19, 4, 4, '2021-07-12 13:14:46'),
(468, 23, 'produk', 9, 20, 4, 4, '2021-07-12 13:14:46'),
(469, 23, 'produk', 9, 21, 3, 4, '2021-07-12 13:14:46'),
(470, 23, 'produk', 9, 22, 3, 3, '2021-07-12 13:14:46'),
(471, 23, 'produk', 10, 23, 4, 4, '2021-07-12 13:14:46'),
(472, 23, 'produk', 11, 24, 3, 3, '2021-07-12 13:14:46'),
(473, 23, 'produk', 11, 25, 3, 4, '2021-07-12 13:14:46'),
(474, 23, 'produk', 12, 26, 3, 4, '2021-07-12 13:14:46'),
(475, 23, 'produk', 13, 27, 4, 4, '2021-07-12 13:14:46'),
(476, 23, 'produk', 13, 28, 4, 4, '2021-07-12 13:14:46'),
(477, 23, 'produk', 14, 29, 3, 4, '2021-07-12 13:14:46'),
(478, 23, 'produk', 14, 30, 3, 3, '2021-07-12 13:14:46'),
(479, 23, 'produk', 15, 31, 4, 4, '2021-07-12 13:14:46'),
(480, 23, 'produk', 15, 32, 4, 4, '2021-07-12 13:14:46'),
(481, 24, 'layanan', 3, 3, 4, 4, '2021-07-12 13:16:53'),
(482, 24, 'layanan', 3, 4, 3, 4, '2021-07-12 13:16:53'),
(483, 24, 'layanan', 3, 5, 3, 3, '2021-07-12 13:16:53'),
(484, 24, 'layanan', 4, 6, 3, 4, '2021-07-12 13:16:53'),
(485, 24, 'layanan', 4, 7, 3, 4, '2021-07-12 13:16:53'),
(486, 24, 'layanan', 5, 8, 4, 4, '2021-07-12 13:16:53'),
(487, 24, 'layanan', 5, 9, 3, 4, '2021-07-12 13:16:53'),
(488, 24, 'layanan', 5, 10, 4, 4, '2021-07-12 13:16:53'),
(489, 24, 'layanan', 6, 11, 3, 3, '2021-07-12 13:16:53'),
(490, 24, 'layanan', 6, 12, 3, 4, '2021-07-12 13:16:53'),
(491, 24, 'layanan', 6, 13, 4, 4, '2021-07-12 13:16:53'),
(492, 24, 'layanan', 7, 14, 4, 4, '2021-07-12 13:16:53'),
(493, 24, 'layanan', 7, 15, 3, 4, '2021-07-12 13:16:53'),
(494, 24, 'produk', 8, 16, 3, 4, '2021-07-12 13:16:53'),
(495, 24, 'produk', 8, 17, 4, 4, '2021-07-12 13:16:53'),
(496, 24, 'produk', 8, 18, 4, 4, '2021-07-12 13:16:53'),
(497, 24, 'produk', 8, 19, 3, 4, '2021-07-12 13:16:53'),
(498, 24, 'produk', 9, 20, 4, 4, '2021-07-12 13:16:53'),
(499, 24, 'produk', 9, 21, 3, 4, '2021-07-12 13:16:53'),
(500, 24, 'produk', 9, 22, 4, 4, '2021-07-12 13:16:53'),
(501, 24, 'produk', 10, 23, 3, 4, '2021-07-12 13:16:53'),
(502, 24, 'produk', 11, 24, 3, 3, '2021-07-12 13:16:53'),
(503, 24, 'produk', 11, 25, 4, 4, '2021-07-12 13:16:53'),
(504, 24, 'produk', 12, 26, 3, 4, '2021-07-12 13:16:53'),
(505, 24, 'produk', 13, 27, 3, 4, '2021-07-12 13:16:53'),
(506, 24, 'produk', 13, 28, 3, 3, '2021-07-12 13:16:53'),
(507, 24, 'produk', 14, 29, 3, 3, '2021-07-12 13:16:53'),
(508, 24, 'produk', 14, 30, 4, 4, '2021-07-12 13:16:53'),
(509, 24, 'produk', 15, 31, 4, 4, '2021-07-12 13:16:53'),
(510, 24, 'produk', 15, 32, 3, 4, '2021-07-12 13:16:53'),
(511, 25, 'layanan', 3, 3, 4, 4, '2021-07-12 13:18:59'),
(512, 25, 'layanan', 3, 4, 3, 4, '2021-07-12 13:18:59'),
(513, 25, 'layanan', 3, 5, 3, 4, '2021-07-12 13:18:59'),
(514, 25, 'layanan', 4, 6, 4, 4, '2021-07-12 13:18:59'),
(515, 25, 'layanan', 4, 7, 3, 4, '2021-07-12 13:18:59'),
(516, 25, 'layanan', 5, 8, 4, 4, '2021-07-12 13:18:59'),
(517, 25, 'layanan', 5, 9, 3, 4, '2021-07-12 13:18:59'),
(518, 25, 'layanan', 5, 10, 4, 4, '2021-07-12 13:18:59'),
(519, 25, 'layanan', 6, 11, 4, 4, '2021-07-12 13:18:59'),
(520, 25, 'layanan', 6, 12, 4, 4, '2021-07-12 13:18:59'),
(521, 25, 'layanan', 6, 13, 3, 4, '2021-07-12 13:18:59'),
(522, 25, 'layanan', 7, 14, 3, 3, '2021-07-12 13:18:59'),
(523, 25, 'layanan', 7, 15, 4, 4, '2021-07-12 13:18:59'),
(524, 25, 'produk', 8, 16, 4, 4, '2021-07-12 13:18:59'),
(525, 25, 'produk', 8, 17, 3, 4, '2021-07-12 13:18:59'),
(526, 25, 'produk', 8, 18, 3, 3, '2021-07-12 13:18:59'),
(527, 25, 'produk', 8, 19, 4, 4, '2021-07-12 13:18:59'),
(528, 25, 'produk', 9, 20, 3, 3, '2021-07-12 13:18:59'),
(529, 25, 'produk', 9, 21, 3, 4, '2021-07-12 13:18:59'),
(530, 25, 'produk', 9, 22, 3, 4, '2021-07-12 13:18:59'),
(531, 25, 'produk', 10, 23, 4, 4, '2021-07-12 13:18:59'),
(532, 25, 'produk', 11, 24, 4, 4, '2021-07-12 13:18:59'),
(533, 25, 'produk', 11, 25, 3, 4, '2021-07-12 13:18:59'),
(534, 25, 'produk', 12, 26, 4, 4, '2021-07-12 13:18:59'),
(535, 25, 'produk', 13, 27, 3, 4, '2021-07-12 13:18:59'),
(536, 25, 'produk', 13, 28, 4, 4, '2021-07-12 13:18:59'),
(537, 25, 'produk', 14, 29, 4, 4, '2021-07-12 13:18:59'),
(538, 25, 'produk', 14, 30, 3, 4, '2021-07-12 13:18:59'),
(539, 25, 'produk', 15, 31, 4, 4, '2021-07-12 13:18:59'),
(540, 25, 'produk', 15, 32, 3, 4, '2021-07-12 13:18:59'),
(541, 26, 'layanan', 3, 3, 4, 4, '2021-07-12 13:20:42'),
(542, 26, 'layanan', 3, 4, 3, 4, '2021-07-12 13:20:42'),
(543, 26, 'layanan', 3, 5, 4, 4, '2021-07-12 13:20:42'),
(544, 26, 'layanan', 4, 6, 3, 3, '2021-07-12 13:20:42'),
(545, 26, 'layanan', 4, 7, 3, 4, '2021-07-12 13:20:42'),
(546, 26, 'layanan', 5, 8, 4, 4, '2021-07-12 13:20:42'),
(547, 26, 'layanan', 5, 9, 4, 4, '2021-07-12 13:20:42'),
(548, 26, 'layanan', 5, 10, 3, 4, '2021-07-12 13:20:42'),
(549, 26, 'layanan', 6, 11, 4, 4, '2021-07-12 13:20:42'),
(550, 26, 'layanan', 6, 12, 3, 4, '2021-07-12 13:20:42'),
(551, 26, 'layanan', 6, 13, 4, 4, '2021-07-12 13:20:42'),
(552, 26, 'layanan', 7, 14, 3, 4, '2021-07-12 13:20:42'),
(553, 26, 'layanan', 7, 15, 3, 4, '2021-07-12 13:20:42'),
(554, 26, 'produk', 8, 16, 4, 4, '2021-07-12 13:20:42'),
(555, 26, 'produk', 8, 17, 3, 4, '2021-07-12 13:20:42'),
(556, 26, 'produk', 8, 18, 3, 4, '2021-07-12 13:20:42'),
(557, 26, 'produk', 8, 19, 3, 3, '2021-07-12 13:20:42'),
(558, 26, 'produk', 9, 20, 3, 4, '2021-07-12 13:20:42'),
(559, 26, 'produk', 9, 21, 4, 4, '2021-07-12 13:20:42'),
(560, 26, 'produk', 9, 22, 3, 4, '2021-07-12 13:20:42'),
(561, 26, 'produk', 10, 23, 4, 4, '2021-07-12 13:20:42'),
(562, 26, 'produk', 11, 24, 3, 4, '2021-07-12 13:20:42'),
(563, 26, 'produk', 11, 25, 4, 4, '2021-07-12 13:20:42'),
(564, 26, 'produk', 12, 26, 3, 4, '2021-07-12 13:20:42'),
(565, 26, 'produk', 13, 27, 3, 3, '2021-07-12 13:20:42'),
(566, 26, 'produk', 13, 28, 4, 4, '2021-07-12 13:20:42'),
(567, 26, 'produk', 14, 29, 4, 4, '2021-07-12 13:20:42'),
(568, 26, 'produk', 14, 30, 3, 4, '2021-07-12 13:20:42'),
(569, 26, 'produk', 15, 31, 4, 4, '2021-07-12 13:20:42'),
(570, 26, 'produk', 15, 32, 4, 4, '2021-07-12 13:20:42'),
(571, 27, 'layanan', 3, 3, 4, 4, '2021-07-12 13:22:33'),
(572, 27, 'layanan', 3, 4, 3, 4, '2021-07-12 13:22:33'),
(573, 27, 'layanan', 3, 5, 4, 4, '2021-07-12 13:22:33'),
(574, 27, 'layanan', 4, 6, 4, 4, '2021-07-12 13:22:33'),
(575, 27, 'layanan', 4, 7, 3, 4, '2021-07-12 13:22:33'),
(576, 27, 'layanan', 5, 8, 4, 4, '2021-07-12 13:22:33'),
(577, 27, 'layanan', 5, 9, 4, 4, '2021-07-12 13:22:33'),
(578, 27, 'layanan', 5, 10, 3, 4, '2021-07-12 13:22:33'),
(579, 27, 'layanan', 6, 11, 3, 4, '2021-07-12 13:22:33'),
(580, 27, 'layanan', 6, 12, 4, 4, '2021-07-12 13:22:33'),
(581, 27, 'layanan', 6, 13, 3, 4, '2021-07-12 13:22:33'),
(582, 27, 'layanan', 7, 14, 3, 4, '2021-07-12 13:22:33'),
(583, 27, 'layanan', 7, 15, 3, 4, '2021-07-12 13:22:33'),
(584, 27, 'produk', 8, 16, 3, 4, '2021-07-12 13:22:33'),
(585, 27, 'produk', 8, 17, 4, 4, '2021-07-12 13:22:33'),
(586, 27, 'produk', 8, 18, 3, 4, '2021-07-12 13:22:33'),
(587, 27, 'produk', 8, 19, 4, 4, '2021-07-12 13:22:33'),
(588, 27, 'produk', 9, 20, 4, 4, '2021-07-12 13:22:33'),
(589, 27, 'produk', 9, 21, 3, 4, '2021-07-12 13:22:33'),
(590, 27, 'produk', 9, 22, 4, 4, '2021-07-12 13:22:33'),
(591, 27, 'produk', 10, 23, 4, 4, '2021-07-12 13:22:33'),
(592, 27, 'produk', 11, 24, 3, 4, '2021-07-12 13:22:33'),
(593, 27, 'produk', 11, 25, 4, 4, '2021-07-12 13:22:33'),
(594, 27, 'produk', 12, 26, 3, 4, '2021-07-12 13:22:33'),
(595, 27, 'produk', 13, 27, 3, 4, '2021-07-12 13:22:33'),
(596, 27, 'produk', 13, 28, 4, 4, '2021-07-12 13:22:33'),
(597, 27, 'produk', 14, 29, 3, 4, '2021-07-12 13:22:33'),
(598, 27, 'produk', 14, 30, 4, 4, '2021-07-12 13:22:33'),
(599, 27, 'produk', 15, 31, 3, 4, '2021-07-12 13:22:33'),
(600, 27, 'produk', 15, 32, 4, 4, '2021-07-12 13:22:33'),
(601, 28, 'layanan', 3, 3, 4, 4, '2021-07-12 15:16:42'),
(602, 28, 'layanan', 3, 4, 3, 4, '2021-07-12 15:16:42'),
(603, 28, 'layanan', 3, 5, 4, 4, '2021-07-12 15:16:42'),
(604, 28, 'layanan', 4, 6, 3, 4, '2021-07-12 15:16:42'),
(605, 28, 'layanan', 4, 7, 4, 4, '2021-07-12 15:16:42'),
(606, 28, 'layanan', 5, 8, 3, 3, '2021-07-12 15:16:42'),
(607, 28, 'layanan', 5, 9, 3, 4, '2021-07-12 15:16:42'),
(608, 28, 'layanan', 5, 10, 4, 4, '2021-07-12 15:16:42'),
(609, 28, 'layanan', 6, 11, 3, 4, '2021-07-12 15:16:42'),
(610, 28, 'layanan', 6, 12, 4, 4, '2021-07-12 15:16:42'),
(611, 28, 'layanan', 6, 13, 3, 4, '2021-07-12 15:16:42'),
(612, 28, 'layanan', 7, 14, 4, 4, '2021-07-12 15:16:42'),
(613, 28, 'layanan', 7, 15, 3, 4, '2021-07-12 15:16:42'),
(614, 28, 'produk', 8, 16, 4, 4, '2021-07-12 15:16:42'),
(615, 28, 'produk', 8, 17, 4, 4, '2021-07-12 15:16:42'),
(616, 28, 'produk', 8, 18, 3, 4, '2021-07-12 15:16:42'),
(617, 28, 'produk', 8, 19, 3, 4, '2021-07-12 15:16:42'),
(618, 28, 'produk', 9, 20, 4, 4, '2021-07-12 15:16:42'),
(619, 28, 'produk', 9, 21, 3, 4, '2021-07-12 15:16:42'),
(620, 28, 'produk', 9, 22, 4, 4, '2021-07-12 15:16:42'),
(621, 28, 'produk', 10, 23, 3, 4, '2021-07-12 15:16:42'),
(622, 28, 'produk', 11, 24, 4, 4, '2021-07-12 15:16:42'),
(623, 28, 'produk', 11, 25, 4, 4, '2021-07-12 15:16:42'),
(624, 28, 'produk', 12, 26, 3, 4, '2021-07-12 15:16:42'),
(625, 28, 'produk', 13, 27, 3, 3, '2021-07-12 15:16:42'),
(626, 28, 'produk', 13, 28, 3, 4, '2021-07-12 15:16:42'),
(627, 28, 'produk', 14, 29, 4, 4, '2021-07-12 15:16:42'),
(628, 28, 'produk', 14, 30, 3, 4, '2021-07-12 15:16:42'),
(629, 28, 'produk', 15, 31, 4, 4, '2021-07-12 15:16:42'),
(630, 28, 'produk', 15, 32, 4, 4, '2021-07-12 15:16:42'),
(631, 29, 'layanan', 3, 3, 0, 0, '2021-07-21 08:21:26'),
(632, 29, 'layanan', 3, 4, 0, 0, '2021-07-21 08:21:26'),
(633, 29, 'layanan', 3, 5, 0, 0, '2021-07-21 08:21:26'),
(634, 29, 'layanan', 4, 6, 0, 0, '2021-07-21 08:21:26'),
(635, 29, 'layanan', 4, 7, 0, 0, '2021-07-21 08:21:26'),
(636, 29, 'layanan', 5, 8, 0, 0, '2021-07-21 08:21:26'),
(637, 29, 'layanan', 5, 9, 0, 0, '2021-07-21 08:21:26'),
(638, 29, 'layanan', 5, 10, 0, 0, '2021-07-21 08:21:26'),
(639, 29, 'layanan', 6, 11, 0, 0, '2021-07-21 08:21:26'),
(640, 29, 'layanan', 6, 12, 0, 0, '2021-07-21 08:21:26'),
(641, 29, 'layanan', 6, 13, 0, 0, '2021-07-21 08:21:26'),
(642, 29, 'layanan', 7, 14, 0, 0, '2021-07-21 08:21:26'),
(643, 29, 'layanan', 7, 15, 0, 0, '2021-07-21 08:21:26'),
(644, 29, 'produk', 8, 16, 0, 0, '2021-07-21 08:21:26'),
(645, 29, 'produk', 8, 17, 0, 0, '2021-07-21 08:21:26'),
(646, 29, 'produk', 8, 18, 0, 0, '2021-07-21 08:21:26'),
(647, 29, 'produk', 8, 19, 0, 0, '2021-07-21 08:21:26'),
(648, 29, 'produk', 8, 36, 0, 0, '2021-07-21 08:21:26'),
(649, 29, 'produk', 9, 20, 0, 0, '2021-07-21 08:21:26'),
(650, 29, 'produk', 9, 21, 0, 0, '2021-07-21 08:21:26'),
(651, 29, 'produk', 9, 22, 0, 0, '2021-07-21 08:21:26'),
(652, 29, 'produk', 10, 23, 0, 0, '2021-07-21 08:21:26'),
(653, 29, 'produk', 11, 24, 0, 0, '2021-07-21 08:21:26'),
(654, 29, 'produk', 11, 25, 0, 0, '2021-07-21 08:21:26'),
(655, 29, 'produk', 12, 26, 0, 0, '2021-07-21 08:21:26'),
(656, 29, 'produk', 13, 27, 0, 0, '2021-07-21 08:21:26'),
(657, 29, 'produk', 13, 28, 0, 0, '2021-07-21 08:21:26'),
(658, 29, 'produk', 14, 29, 0, 0, '2021-07-21 08:21:26'),
(659, 29, 'produk', 14, 30, 0, 0, '2021-07-21 08:21:26'),
(660, 29, 'produk', 15, 31, 2, 0, '2021-07-21 08:21:26'),
(661, 29, 'produk', 15, 32, 0, 0, '2021-07-21 08:21:26'),
(662, 30, 'layanan', 3, 3, 3, 1, '2021-07-24 07:36:49'),
(663, 30, 'layanan', 3, 4, 3, 2, '2021-07-24 07:36:49'),
(664, 30, 'layanan', 3, 5, 2, 2, '2021-07-24 07:36:49'),
(665, 30, 'layanan', 4, 6, 2, 0, '2021-07-24 07:36:49'),
(666, 30, 'layanan', 4, 7, 0, 3, '2021-07-24 07:36:49'),
(667, 30, 'layanan', 5, 8, 3, 2, '2021-07-24 07:36:49'),
(668, 30, 'layanan', 5, 9, 2, 2, '2021-07-24 07:36:49'),
(669, 30, 'layanan', 5, 10, 3, 3, '2021-07-24 07:36:49'),
(670, 30, 'layanan', 6, 11, 4, 3, '2021-07-24 07:36:49'),
(671, 30, 'layanan', 6, 12, 3, 4, '2021-07-24 07:36:49'),
(672, 30, 'layanan', 6, 13, 3, 3, '2021-07-24 07:36:49'),
(673, 30, 'layanan', 7, 14, 3, 2, '2021-07-24 07:36:49'),
(674, 30, 'layanan', 7, 15, 3, 1, '2021-07-24 07:36:49'),
(675, 30, 'produk', 8, 16, 3, 3, '2021-07-24 07:36:49'),
(676, 30, 'produk', 8, 17, 2, 2, '2021-07-24 07:36:49'),
(677, 30, 'produk', 8, 18, 3, 3, '2021-07-24 07:36:49'),
(678, 30, 'produk', 8, 19, 3, 2, '2021-07-24 07:36:49'),
(679, 30, 'produk', 8, 36, 3, 3, '2021-07-24 07:36:49'),
(680, 30, 'produk', 9, 20, 4, 2, '2021-07-24 07:36:49'),
(681, 30, 'produk', 9, 21, 2, 4, '2021-07-24 07:36:49'),
(682, 30, 'produk', 9, 22, 3, 3, '2021-07-24 07:36:49'),
(683, 30, 'produk', 10, 23, 3, 3, '2021-07-24 07:36:49'),
(684, 30, 'produk', 11, 24, 3, 3, '2021-07-24 07:36:49'),
(685, 30, 'produk', 11, 25, 2, 3, '2021-07-24 07:36:49'),
(686, 30, 'produk', 12, 26, 3, 3, '2021-07-24 07:36:49'),
(687, 30, 'produk', 13, 27, 3, 3, '2021-07-24 07:36:49'),
(688, 30, 'produk', 13, 28, 2, 3, '2021-07-24 07:36:49'),
(689, 30, 'produk', 14, 29, 3, 4, '2021-07-24 07:36:49'),
(690, 30, 'produk', 14, 30, 3, 4, '2021-07-24 07:36:49'),
(691, 30, 'produk', 15, 31, 3, 4, '2021-07-24 07:36:49'),
(692, 30, 'produk', 15, 32, 3, 4, '2021-07-24 07:36:49');

-- --------------------------------------------------------

--
-- Struktur dari tabel `tbl_users`
--

CREATE TABLE `tbl_users` (
  `id_users` int(11) NOT NULL,
  `nickname` varchar(100) NOT NULL,
  `email` varchar(150) NOT NULL,
  `username` varchar(100) NOT NULL,
  `password` varchar(100) NOT NULL,
  `user_image` varchar(150) NOT NULL DEFAULT 'default.png',
  `user_groups_id` int(11) NOT NULL,
  `created_at` timestamp NOT NULL DEFAULT CURRENT_TIMESTAMP,
  `is_deleted` enum('0','1') NOT NULL,
  `last_login` timestamp NOT NULL DEFAULT '0000-00-00 00:00:00',
  `login_count` int(11) NOT NULL,
  `foto` varchar(256) NOT NULL
) ENGINE=InnoDB DEFAULT CHARSET=latin1;

--
-- Dumping data untuk tabel `tbl_users`
--

INSERT INTO `tbl_users` (`id_users`, `nickname`, `email`, `username`, `password`, `user_image`, `user_groups_id`, `created_at`, `is_deleted`, `last_login`, `login_count`, `foto`) VALUES
(1, 'Kidew', 'kidew@gmail.com', 'kidew', '$2y$10$i2uYWGZNxqRTIgQ4crEBsO.ezqnUmSy7hWXrvLjuogOx3U0kHE/xO', 'default.png', 1, '0000-00-00 00:00:00', '0', '2021-07-24 02:42:16', 56, 'default.png'),
(5, 'Mustofik', 'Mustofik@gmail.com', 'Mustofik', '$2y$10$iW4pIE90V/cJQ0vuCmWAnefJPwCMrY5ktoRvLaESsZ5KEMzOoP0xi', 'default.png', 2, '2021-07-12 11:44:26', '1', '2021-07-24 02:37:24', 9, 'default.png'),
(13, 'wkwk', 'wkwk@gmail.com', 'wkwk', '$2y$10$YoG8PHyxNU9SL/So1Udz5eMT9bGYXaUECVA83BtQdzHUw9lQp9fZu', 'default.png', 1, '2021-07-21 05:07:56', '1', '0000-00-00 00:00:00', 0, 'default.png'),
(14, 'okegan', 'okegan@gmail.com', 'okegan', '$2y$10$i2uYWGZNxqRTIgQ4crEBsO.ezqnUmSy7hWXrvLjuogOx3U0kHE/xO', 'default.png', 1, '2021-07-21 05:09:22', '1', '2021-07-21 00:19:09', 1, '60f7ac02cf55f.png'),
(15, 'okgan', 'okgan@gmail.com', 'okgan', '$2y$10$Q5NHKSmW/iBBTN1R4oDKW.bhfJj2CnJITpIM6dTPEm8j2jWm/0F0a', 'default.png', 1, '2021-07-24 08:24:33', '1', '0000-00-00 00:00:00', 0, '60fbce4195ae3.jpg');

-- --------------------------------------------------------

--
-- Struktur dari tabel `users`
--

CREATE TABLE `users` (
  `id` int(11) UNSIGNED NOT NULL,
  `ip_address` varchar(45) NOT NULL,
  `username` varchar(100) DEFAULT NULL,
  `password` varchar(255) NOT NULL,
  `email` varchar(254) NOT NULL,
  `activation_selector` varchar(255) DEFAULT NULL,
  `activation_code` varchar(255) DEFAULT NULL,
  `forgotten_password_selector` varchar(255) DEFAULT NULL,
  `forgotten_password_code` varchar(255) DEFAULT NULL,
  `forgotten_password_time` int(11) UNSIGNED DEFAULT NULL,
  `remember_selector` varchar(255) DEFAULT NULL,
  `remember_code` varchar(255) DEFAULT NULL,
  `created_on` int(11) UNSIGNED NOT NULL,
  `last_login` int(11) UNSIGNED DEFAULT NULL,
  `active` tinyint(1) UNSIGNED DEFAULT NULL,
  `first_name` varchar(50) DEFAULT NULL,
  `last_name` varchar(50) DEFAULT NULL,
  `company` varchar(100) DEFAULT NULL,
  `phone` varchar(20) DEFAULT NULL
) ENGINE=InnoDB DEFAULT CHARSET=utf8;

--
-- Dumping data untuk tabel `users`
--

INSERT INTO `users` (`id`, `ip_address`, `username`, `password`, `email`, `activation_selector`, `activation_code`, `forgotten_password_selector`, `forgotten_password_code`, `forgotten_password_time`, `remember_selector`, `remember_code`, `created_on`, `last_login`, `active`, `first_name`, `last_name`, `company`, `phone`) VALUES
(1, '127.0.0.1', 'administrator', '$2y$08$200Z6ZZbp3RAEXoaWcMA6uJOFicwNZaqk4oDhqTUiFXFe63MG.Daa', 'admin@admin.com', NULL, '', NULL, NULL, NULL, NULL, NULL, 1268889823, 1268889823, 1, 'Admin', 'istrator', 'ADMIN', '0');

-- --------------------------------------------------------

--
-- Struktur dari tabel `users_groups`
--

CREATE TABLE `users_groups` (
  `id` int(11) UNSIGNED NOT NULL,
  `user_id` int(11) UNSIGNED NOT NULL,
  `group_id` mediumint(8) UNSIGNED NOT NULL
) ENGINE=InnoDB DEFAULT CHARSET=utf8;

--
-- Dumping data untuk tabel `users_groups`
--

INSERT INTO `users_groups` (`id`, `user_id`, `group_id`) VALUES
(1, 1, 1),
(2, 1, 2);

--
-- Indexes for dumped tables
--

--
-- Indeks untuk tabel `groups`
--
ALTER TABLE `groups`
  ADD PRIMARY KEY (`id`);

--
-- Indeks untuk tabel `login_attempts`
--
ALTER TABLE `login_attempts`
  ADD PRIMARY KEY (`id`);

--
-- Indeks untuk tabel `tbl_customers`
--
ALTER TABLE `tbl_customers`
  ADD PRIMARY KEY (`customer_id`);

--
-- Indeks untuk tabel `tbl_indikator_penilaian`
--
ALTER TABLE `tbl_indikator_penilaian`
  ADD PRIMARY KEY (`id_indikator`);

--
-- Indeks untuk tabel `tbl_indikator_pertanyaan`
--
ALTER TABLE `tbl_indikator_pertanyaan`
  ADD PRIMARY KEY (`id_pertanyaan`),
  ADD KEY `id_indikator` (`id_indikator`);

--
-- Indeks untuk tabel `tbl_perusahaan`
--
ALTER TABLE `tbl_perusahaan`
  ADD PRIMARY KEY (`id_profile_perusahaan`);

--
-- Indeks untuk tabel `tbl_product`
--
ALTER TABLE `tbl_product`
  ADD PRIMARY KEY (`product_id`);

--
-- Indeks untuk tabel `tbl_respon`
--
ALTER TABLE `tbl_respon`
  ADD PRIMARY KEY (`respon_id`),
  ADD KEY `customer_id` (`customer_id`),
  ADD KEY `tbl_respon_ibfk_2` (`id_indikator`),
  ADD KEY `tbl_respon_ibfk_3` (`id_pertanyaan`);

--
-- Indeks untuk tabel `tbl_users`
--
ALTER TABLE `tbl_users`
  ADD PRIMARY KEY (`id_users`);

--
-- Indeks untuk tabel `users`
--
ALTER TABLE `users`
  ADD PRIMARY KEY (`id`),
  ADD UNIQUE KEY `uc_email` (`email`),
  ADD UNIQUE KEY `uc_activation_selector` (`activation_selector`),
  ADD UNIQUE KEY `uc_forgotten_password_selector` (`forgotten_password_selector`),
  ADD UNIQUE KEY `uc_remember_selector` (`remember_selector`);

--
-- Indeks untuk tabel `users_groups`
--
ALTER TABLE `users_groups`
  ADD PRIMARY KEY (`id`),
  ADD UNIQUE KEY `uc_users_groups` (`user_id`,`group_id`),
  ADD KEY `fk_users_groups_users1_idx` (`user_id`),
  ADD KEY `fk_users_groups_groups1_idx` (`group_id`);

--
-- AUTO_INCREMENT untuk tabel yang dibuang
--

--
-- AUTO_INCREMENT untuk tabel `groups`
--
ALTER TABLE `groups`
  MODIFY `id` mediumint(8) UNSIGNED NOT NULL AUTO_INCREMENT, AUTO_INCREMENT=3;

--
-- AUTO_INCREMENT untuk tabel `login_attempts`
--
ALTER TABLE `login_attempts`
  MODIFY `id` int(11) UNSIGNED NOT NULL AUTO_INCREMENT;

--
-- AUTO_INCREMENT untuk tabel `tbl_customers`
--
ALTER TABLE `tbl_customers`
  MODIFY `customer_id` int(11) NOT NULL AUTO_INCREMENT, AUTO_INCREMENT=32;

--
-- AUTO_INCREMENT untuk tabel `tbl_indikator_penilaian`
--
ALTER TABLE `tbl_indikator_penilaian`
  MODIFY `id_indikator` int(11) NOT NULL AUTO_INCREMENT, AUTO_INCREMENT=18;

--
-- AUTO_INCREMENT untuk tabel `tbl_indikator_pertanyaan`
--
ALTER TABLE `tbl_indikator_pertanyaan`
  MODIFY `id_pertanyaan` int(11) NOT NULL AUTO_INCREMENT, AUTO_INCREMENT=37;

--
-- AUTO_INCREMENT untuk tabel `tbl_perusahaan`
--
ALTER TABLE `tbl_perusahaan`
  MODIFY `id_profile_perusahaan` int(11) NOT NULL AUTO_INCREMENT, AUTO_INCREMENT=2;

--
-- AUTO_INCREMENT untuk tabel `tbl_product`
--
ALTER TABLE `tbl_product`
  MODIFY `product_id` int(11) NOT NULL AUTO_INCREMENT;

--
-- AUTO_INCREMENT untuk tabel `tbl_respon`
--
ALTER TABLE `tbl_respon`
  MODIFY `respon_id` int(11) NOT NULL AUTO_INCREMENT, AUTO_INCREMENT=693;

--
-- AUTO_INCREMENT untuk tabel `tbl_users`
--
ALTER TABLE `tbl_users`
  MODIFY `id_users` int(11) NOT NULL AUTO_INCREMENT, AUTO_INCREMENT=16;

--
-- AUTO_INCREMENT untuk tabel `users`
--
ALTER TABLE `users`
  MODIFY `id` int(11) UNSIGNED NOT NULL AUTO_INCREMENT, AUTO_INCREMENT=2;

--
-- AUTO_INCREMENT untuk tabel `users_groups`
--
ALTER TABLE `users_groups`
  MODIFY `id` int(11) UNSIGNED NOT NULL AUTO_INCREMENT, AUTO_INCREMENT=3;

--
-- Ketidakleluasaan untuk tabel pelimpahan (Dumped Tables)
--

--
-- Ketidakleluasaan untuk tabel `tbl_indikator_pertanyaan`
--
ALTER TABLE `tbl_indikator_pertanyaan`
  ADD CONSTRAINT `tbl_indikator_pertanyaan_ibfk_1` FOREIGN KEY (`id_indikator`) REFERENCES `tbl_indikator_penilaian` (`id_indikator`) ON DELETE CASCADE ON UPDATE CASCADE;

--
-- Ketidakleluasaan untuk tabel `tbl_respon`
--
ALTER TABLE `tbl_respon`
  ADD CONSTRAINT `tbl_respon_ibfk_1` FOREIGN KEY (`customer_id`) REFERENCES `tbl_customers` (`customer_id`) ON DELETE CASCADE ON UPDATE CASCADE,
  ADD CONSTRAINT `tbl_respon_ibfk_2` FOREIGN KEY (`id_indikator`) REFERENCES `tbl_indikator_penilaian` (`id_indikator`) ON DELETE CASCADE ON UPDATE CASCADE,
  ADD CONSTRAINT `tbl_respon_ibfk_3` FOREIGN KEY (`id_pertanyaan`) REFERENCES `tbl_indikator_pertanyaan` (`id_pertanyaan`) ON DELETE CASCADE ON UPDATE CASCADE;
COMMIT;

/*!40101 SET CHARACTER_SET_CLIENT=@OLD_CHARACTER_SET_CLIENT */;
/*!40101 SET CHARACTER_SET_RESULTS=@OLD_CHARACTER_SET_RESULTS */;
/*!40101 SET COLLATION_CONNECTION=@OLD_COLLATION_CONNECTION */;
